               epoch,      train/box_loss,      train/obj_loss,      train/cls_loss,   metrics/precision,      metrics/recall,     metrics/mAP_0.5,metrics/mAP_0.5:0.95,        val/box_loss,        val/obj_loss,        val/cls_loss,               x/lr0,               x/lr1,               x/lr2
                   0,              0.1011,             0.27185,            0.066714,             0.24308,             0.12695,            0.076382,            0.018635,            0.087929,             0.20872,            0.042884,             0.00097,             0.00097,             0.09127
                   1,            0.093361,             0.23059,            0.038811,             0.27459,             0.18669,             0.16557,             0.04934,            0.080978,             0.20535,             0.03378,             0.00195,             0.00195,             0.08245
                   2,            0.085066,             0.19977,            0.029382,             0.37569,             0.38181,             0.31564,             0.11425,            0.073116,             0.16778,            0.020858,           0.0029297,           0.0029297,             0.07363
                   3,            0.076721,             0.18667,            0.020672,             0.48335,             0.45181,             0.41232,             0.13561,             0.06961,             0.15541,            0.015161,           0.0039091,           0.0039091,            0.064809
                   4,            0.070643,              0.1698,            0.015141,             0.64527,             0.49411,             0.52915,             0.20583,            0.064252,             0.14722,            0.013801,           0.0048881,           0.0048881,            0.055988
                   5,            0.071632,             0.18713,             0.01356,             0.60156,             0.55997,             0.55425,             0.22345,            0.062294,             0.14487,            0.012904,           0.0058664,           0.0058664,            0.047166
                   6,            0.071522,             0.18992,            0.014582,             0.49373,             0.21019,             0.15325,            0.049283,             0.08317,             0.25561,            0.043178,           0.0068439,           0.0068439,            0.038344
                   7,            0.071143,             0.19089,            0.014989,             0.60935,             0.53349,             0.54468,             0.21611,            0.063205,              0.1462,            0.012969,           0.0078205,           0.0078205,            0.029521
                   8,            0.068509,             0.17927,            0.010905,             0.47729,             0.43493,              0.4186,             0.15923,            0.067693,             0.16391,            0.024383,           0.0087961,           0.0087961,            0.020696
                   9,            0.072982,             0.20636,             0.01499,             0.53742,             0.38529,             0.40013,             0.15185,            0.069027,              0.1679,            0.032501,           0.0097704,           0.0097704,             0.01187
                  10,            0.069793,             0.18746,            0.015645,               0.572,             0.50983,             0.53769,             0.22511,            0.063313,             0.15746,            0.014855,           0.0099753,           0.0099753,           0.0099753
                  11,            0.068859,             0.17711,            0.012303,             0.62159,             0.54886,             0.59103,             0.23347,            0.061585,             0.15078,            0.011122,           0.0099753,           0.0099753,           0.0099753
                  12,            0.068142,             0.17047,            0.010276,             0.63676,             0.55792,             0.60817,             0.24199,            0.062671,             0.14054,            0.011189,           0.0099702,           0.0099702,           0.0099702
                  13,            0.066978,             0.16633,           0.0097643,             0.73006,             0.62577,             0.67022,             0.28158,            0.057742,               0.156,           0.0085515,           0.0099645,           0.0099645,           0.0099645
                  14,            0.065748,             0.16671,           0.0073597,             0.68709,             0.55771,             0.60451,             0.24182,            0.060371,             0.14361,            0.013011,           0.0099584,           0.0099584,           0.0099584
                  15,            0.064651,             0.15879,           0.0083576,             0.67871,             0.61123,             0.64441,             0.26899,             0.05975,              0.1457,            0.010767,           0.0099517,           0.0099517,           0.0099517
                  16,            0.064963,             0.15484,           0.0070557,             0.66539,             0.60579,             0.62425,             0.26054,             0.06339,             0.13892,            0.010209,           0.0099446,           0.0099446,           0.0099446
                  17,            0.063032,             0.15464,           0.0064384,             0.61486,             0.59023,             0.60812,             0.22795,            0.063561,             0.13987,           0.0099703,            0.009937,            0.009937,            0.009937
                  18,            0.063401,              0.1533,           0.0072317,             0.73191,             0.65748,             0.70181,             0.30396,            0.056172,             0.12899,           0.0071073,           0.0099289,           0.0099289,           0.0099289
                  19,            0.061283,             0.16399,           0.0055945,             0.78407,             0.66194,             0.70803,             0.30565,             0.05657,             0.12864,           0.0069262,           0.0099203,           0.0099203,           0.0099203
                  20,            0.063143,             0.15305,           0.0056236,             0.78824,             0.64285,             0.71364,                0.31,            0.055936,             0.12896,           0.0062589,           0.0099112,           0.0099112,           0.0099112
                  21,            0.060968,             0.14797,           0.0055627,             0.79409,             0.75067,             0.78257,             0.35111,            0.053242,             0.12223,           0.0056405,           0.0099017,           0.0099017,           0.0099017
                  22,            0.063264,             0.15411,           0.0048059,              0.8289,              0.7109,             0.76976,             0.33586,            0.053595,              0.1225,           0.0061582,           0.0098916,           0.0098916,           0.0098916
                  23,            0.060181,             0.14448,           0.0049173,             0.76876,             0.68415,             0.73957,             0.32302,            0.055515,             0.12359,           0.0057878,           0.0098811,           0.0098811,           0.0098811
                  24,            0.060702,             0.14459,           0.0049159,             0.80804,             0.68719,             0.75118,             0.32634,            0.054046,              0.1214,           0.0059836,           0.0098701,           0.0098701,           0.0098701
                  25,            0.061029,             0.14829,           0.0048713,             0.82788,             0.68341,             0.74759,             0.33667,            0.054259,             0.12401,            0.005407,           0.0098586,           0.0098586,           0.0098586
                  26,             0.06065,              0.1459,           0.0038595,             0.82867,             0.69678,             0.77696,             0.34351,            0.054615,             0.12283,           0.0054089,           0.0098467,           0.0098467,           0.0098467
                  27,            0.059554,             0.14669,           0.0042571,             0.86326,             0.71047,             0.79107,             0.37024,            0.053155,             0.11875,           0.0046459,           0.0098342,           0.0098342,           0.0098342
                  28,            0.058023,             0.14525,           0.0046044,             0.77253,              0.6909,             0.74647,             0.32778,            0.057208,             0.13484,           0.0057928,           0.0098213,           0.0098213,           0.0098213
                  29,            0.060204,             0.15436,           0.0041948,             0.74068,             0.71737,             0.75498,             0.34654,            0.053431,             0.12269,           0.0062192,           0.0098079,           0.0098079,           0.0098079
                  30,              0.0593,             0.14794,           0.0046287,             0.82426,             0.72067,             0.78013,             0.36219,            0.052886,             0.11926,           0.0048842,           0.0097941,           0.0097941,           0.0097941
                  31,            0.059157,             0.14407,           0.0041327,             0.79854,             0.72155,             0.77462,             0.35448,            0.053563,             0.12211,           0.0048226,           0.0097798,           0.0097798,           0.0097798
                  32,            0.059192,              0.1475,           0.0037084,             0.79802,             0.73106,             0.78535,             0.36448,            0.052586,             0.12225,           0.0050376,            0.009765,            0.009765,            0.009765
                  33,               0.056,             0.14322,           0.0037801,              0.7938,              0.6954,             0.74006,             0.31031,              0.0571,             0.12035,           0.0053934,           0.0097497,           0.0097497,           0.0097497
                  34,            0.060356,              0.1438,           0.0039767,             0.73486,             0.69422,             0.73559,             0.34313,            0.055376,             0.12657,           0.0060223,            0.009734,            0.009734,            0.009734
                  35,            0.058908,             0.14326,           0.0041541,             0.86125,             0.69824,             0.78293,             0.37119,            0.052379,             0.11818,           0.0048561,           0.0097178,           0.0097178,           0.0097178
                  36,            0.058707,               0.143,           0.0037734,             0.86707,             0.71348,             0.79516,             0.38278,            0.051484,             0.12048,           0.0056841,           0.0097011,           0.0097011,           0.0097011
                  37,            0.059341,             0.14277,           0.0038464,             0.76992,             0.74406,             0.77621,             0.36473,            0.052758,             0.14285,           0.0058274,            0.009684,            0.009684,            0.009684
                  38,            0.058501,             0.14009,           0.0037904,             0.83085,             0.71012,             0.77375,             0.35792,            0.054664,             0.12072,           0.0054565,           0.0096664,           0.0096664,           0.0096664
                  39,             0.05714,             0.13723,           0.0033869,             0.83639,             0.73636,             0.79131,             0.36279,            0.052747,             0.12318,           0.0048654,           0.0096484,           0.0096484,           0.0096484
                  40,            0.059252,             0.14065,           0.0034647,             0.85373,             0.72504,             0.79454,             0.36433,            0.051809,             0.11743,           0.0047754,           0.0096299,           0.0096299,           0.0096299
                  41,            0.057262,             0.13676,           0.0034133,              0.8803,             0.71843,             0.79297,             0.37215,            0.052528,             0.11745,            0.006306,            0.009611,            0.009611,            0.009611
                  42,            0.056795,              0.1357,             0.00358,             0.78732,             0.64804,              0.7197,             0.33925,            0.054689,             0.14251,           0.0069035,           0.0095916,           0.0095916,           0.0095916
                  43,            0.058051,             0.13952,           0.0039078,             0.80541,             0.75335,             0.79338,             0.36976,            0.052484,             0.12218,           0.0051755,           0.0095717,           0.0095717,           0.0095717
                  44,            0.057848,             0.14675,           0.0031641,             0.81733,             0.69085,             0.75976,             0.33622,            0.054436,             0.12216,           0.0064303,           0.0095514,           0.0095514,           0.0095514
                  45,            0.056128,             0.13364,           0.0035479,             0.81663,             0.71946,             0.78263,             0.37325,            0.052489,             0.12502,           0.0062333,           0.0095307,           0.0095307,           0.0095307
                  46,            0.057855,             0.14017,           0.0034903,             0.80082,              0.7681,             0.79623,             0.37143,            0.052646,             0.11572,           0.0050217,           0.0095095,           0.0095095,           0.0095095
                  47,             0.05738,             0.13619,           0.0033115,             0.81845,             0.77307,             0.80825,              0.3699,            0.051699,             0.11518,           0.0050967,           0.0094879,           0.0094879,           0.0094879
                  48,            0.055078,             0.13532,           0.0027947,             0.83467,             0.75338,             0.80476,             0.37857,             0.05093,              0.1182,           0.0051998,           0.0094659,           0.0094659,           0.0094659
                  49,            0.056925,             0.14234,           0.0030074,             0.85096,              0.7537,             0.80554,             0.37604,            0.051547,             0.11972,           0.0058908,           0.0094434,           0.0094434,           0.0094434
                  50,            0.056052,             0.13872,           0.0031332,             0.88191,             0.74767,             0.81458,             0.39397,            0.050987,             0.11977,           0.0051066,           0.0094205,           0.0094205,           0.0094205
                  51,            0.055621,             0.13979,           0.0037941,             0.85764,             0.78396,             0.82703,             0.38839,            0.050042,             0.11561,            0.005266,           0.0093971,           0.0093971,           0.0093971
                  52,            0.056106,             0.13149,           0.0034457,             0.83915,              0.7337,             0.79183,             0.37648,            0.051685,             0.11823,           0.0053042,           0.0093733,           0.0093733,           0.0093733
                  53,             0.05427,             0.12521,           0.0031904,             0.87168,             0.75358,             0.80649,             0.39654,            0.050815,             0.11509,             0.00519,           0.0093491,           0.0093491,           0.0093491
                  54,            0.055542,             0.13104,           0.0031061,             0.83946,             0.75563,             0.80044,             0.38506,            0.050765,             0.11747,           0.0057963,           0.0093245,           0.0093245,           0.0093245
                  55,            0.055463,              0.1324,           0.0029104,             0.82922,              0.7319,             0.78455,             0.36869,            0.051591,             0.11632,           0.0051972,           0.0092995,           0.0092995,           0.0092995
                  56,            0.055493,              0.1316,           0.0031109,             0.87053,             0.72255,             0.79507,              0.3588,            0.052889,             0.12145,           0.0052093,            0.009274,            0.009274,            0.009274
                  57,            0.058414,             0.13942,           0.0027495,             0.87121,             0.75493,             0.81931,              0.3877,            0.050418,             0.11772,           0.0058199,           0.0092481,           0.0092481,           0.0092481
                  58,            0.055744,             0.12773,           0.0031363,             0.89747,             0.75026,              0.8263,             0.38555,            0.050345,             0.11391,           0.0045852,           0.0092219,           0.0092219,           0.0092219
                  59,            0.054567,             0.13191,           0.0030501,             0.79489,              0.7876,             0.81412,             0.38506,            0.051513,             0.11538,           0.0048295,           0.0091952,           0.0091952,           0.0091952
                  60,            0.054953,             0.13177,           0.0028386,             0.81568,             0.71653,             0.76897,             0.35526,            0.053025,              0.1272,           0.0070805,           0.0091681,           0.0091681,           0.0091681
                  61,            0.056808,             0.13438,           0.0032476,             0.84607,             0.75112,             0.80449,             0.38569,            0.051105,             0.11738,           0.0049514,           0.0091406,           0.0091406,           0.0091406
                  62,            0.053867,             0.12902,           0.0031262,              0.8254,              0.7326,             0.78463,             0.37514,            0.051277,             0.11412,           0.0054335,           0.0091127,           0.0091127,           0.0091127
                  63,            0.056302,             0.13259,           0.0027006,             0.84738,             0.71374,             0.77323,             0.36661,            0.051418,             0.11853,           0.0049844,           0.0090844,           0.0090844,           0.0090844
                  64,            0.056099,             0.13348,           0.0029841,             0.87217,             0.77338,             0.81133,             0.38955,            0.050334,             0.11752,           0.0054792,           0.0090557,           0.0090557,           0.0090557
                  65,            0.055564,             0.14081,           0.0028279,             0.83426,             0.77904,             0.81253,             0.39052,             0.05041,             0.11733,           0.0051538,           0.0090266,           0.0090266,           0.0090266
                  66,            0.054729,              0.1392,           0.0026106,             0.85502,             0.75563,             0.81449,             0.39704,            0.051206,             0.11493,           0.0044302,           0.0089972,           0.0089972,           0.0089972
                  67,            0.054961,              0.1276,           0.0025513,             0.86002,             0.75086,             0.80974,             0.38083,            0.050306,             0.11873,           0.0042913,           0.0089673,           0.0089673,           0.0089673
                  68,            0.055273,             0.14096,            0.002767,             0.87456,             0.71284,              0.7846,             0.36323,            0.053821,             0.12214,           0.0050737,           0.0089371,           0.0089371,           0.0089371
                  69,            0.054922,              0.1242,           0.0027062,             0.88079,             0.73518,             0.82065,             0.38173,            0.050552,             0.11612,           0.0045471,           0.0089065,           0.0089065,           0.0089065
                  70,            0.053151,             0.12854,           0.0025932,             0.85745,             0.79963,             0.84115,             0.40669,            0.049843,             0.11454,           0.0047671,           0.0088755,           0.0088755,           0.0088755
                  71,            0.052817,             0.12056,           0.0025978,             0.87282,             0.76649,             0.84325,             0.42119,            0.049841,             0.11735,           0.0055099,           0.0088442,           0.0088442,           0.0088442
                  72,            0.054321,              0.1318,           0.0022801,              0.8674,             0.74925,             0.81888,             0.39669,            0.050307,             0.11725,           0.0045634,           0.0088124,           0.0088124,           0.0088124
                  73,            0.056263,             0.13493,            0.002624,             0.86618,             0.77849,             0.83016,             0.39584,            0.050466,             0.11165,            0.004053,           0.0087804,           0.0087804,           0.0087804
                  74,            0.053904,             0.12753,           0.0024379,             0.85514,             0.74599,             0.81439,             0.38222,            0.051987,             0.11759,           0.0053124,           0.0087479,           0.0087479,           0.0087479
                  75,            0.054099,              0.1307,           0.0025332,             0.89632,             0.73183,             0.81208,             0.39654,            0.050571,             0.11456,           0.0051075,           0.0087151,           0.0087151,           0.0087151
                  76,            0.053952,             0.12754,           0.0023629,             0.82679,             0.79164,             0.82663,             0.40362,            0.050361,              0.1184,           0.0060864,            0.008682,            0.008682,            0.008682
                  77,            0.053479,             0.12022,           0.0027564,             0.90132,             0.73888,              0.8195,             0.39384,            0.049768,             0.11504,           0.0051506,           0.0086485,           0.0086485,           0.0086485
                  78,            0.053887,             0.12993,           0.0029269,             0.83666,             0.78333,             0.82309,             0.40003,            0.049377,              0.1159,           0.0058913,           0.0086146,           0.0086146,           0.0086146
                  79,            0.054542,             0.13008,           0.0029124,             0.88687,             0.75818,             0.81768,             0.40579,            0.050713,             0.11477,           0.0051991,           0.0085805,           0.0085805,           0.0085805
                  80,            0.052873,             0.12616,           0.0021478,             0.85792,             0.76369,             0.82638,             0.40787,            0.050226,             0.11199,           0.0044859,           0.0085459,           0.0085459,           0.0085459
                  81,            0.054668,             0.12851,           0.0024068,              0.8782,             0.76502,             0.82523,             0.40042,            0.050248,             0.11572,           0.0049081,           0.0085111,           0.0085111,           0.0085111
                  82,            0.053002,             0.13049,           0.0026002,             0.84297,             0.79277,             0.83111,              0.4145,            0.049914,             0.11537,           0.0041838,           0.0084759,           0.0084759,           0.0084759
                  83,            0.055297,             0.13706,           0.0023685,              0.8288,             0.78577,               0.825,             0.39407,            0.050099,             0.11855,           0.0047849,           0.0084404,           0.0084404,           0.0084404
                  84,            0.054308,             0.12327,           0.0023332,             0.85576,             0.78214,             0.82771,             0.40081,            0.050298,             0.11436,           0.0041256,           0.0084046,           0.0084046,           0.0084046
                  85,            0.054532,             0.13022,           0.0023801,             0.89712,             0.78914,             0.83834,             0.40799,             0.04952,             0.11517,           0.0050051,           0.0083684,           0.0083684,           0.0083684
                  86,             0.05374,              0.1236,            0.002382,             0.88054,             0.76076,             0.82501,             0.40723,            0.049863,              0.1137,            0.004892,           0.0083319,           0.0083319,           0.0083319
                  87,            0.054243,             0.12568,           0.0022364,             0.87679,              0.7622,             0.83069,             0.39477,            0.050005,             0.11432,           0.0045217,           0.0082952,           0.0082952,           0.0082952
                  88,            0.056877,             0.13828,           0.0021988,             0.85532,             0.79203,             0.82824,             0.40024,            0.050593,             0.11551,           0.0048195,           0.0082581,           0.0082581,           0.0082581
                  89,            0.053832,             0.13306,           0.0020926,             0.86398,             0.75033,              0.8169,             0.39718,            0.051301,             0.11483,           0.0043588,           0.0082207,           0.0082207,           0.0082207
                  90,            0.052173,              0.1248,           0.0021295,             0.86272,             0.78061,             0.82788,              0.4132,            0.049489,             0.11052,           0.0043993,            0.008183,            0.008183,            0.008183
                  91,              0.0537,             0.13379,            0.002127,             0.86989,             0.78655,             0.83082,             0.40678,            0.049288,             0.11416,           0.0046838,            0.008145,            0.008145,            0.008145
                  92,            0.053065,             0.12366,           0.0023093,             0.88799,              0.7827,             0.82908,             0.39799,            0.048817,             0.11396,           0.0051423,           0.0081068,           0.0081068,           0.0081068
                  93,            0.051857,             0.12116,           0.0023418,             0.87588,             0.77855,               0.841,             0.41753,            0.048992,             0.11438,           0.0042097,           0.0080682,           0.0080682,           0.0080682
                  94,            0.052734,             0.12988,            0.002069,             0.88223,              0.7955,             0.84513,             0.41223,            0.050261,             0.11359,           0.0045423,           0.0080294,           0.0080294,           0.0080294
                  95,            0.052752,             0.12666,           0.0025202,             0.85483,              0.7614,             0.81209,             0.39869,            0.050779,             0.11715,           0.0055821,           0.0079903,           0.0079903,           0.0079903
                  96,            0.052655,             0.12594,           0.0020481,             0.87059,             0.77277,             0.82866,             0.39362,             0.05019,             0.11587,           0.0048663,           0.0079509,           0.0079509,           0.0079509
                  97,              0.0529,             0.12842,           0.0023764,             0.90499,             0.77052,             0.83709,             0.40344,            0.049757,             0.11185,           0.0043814,           0.0079112,           0.0079112,           0.0079112
                  98,            0.054761,             0.13126,           0.0024392,             0.85157,             0.73555,             0.79665,             0.40005,            0.050521,             0.11438,           0.0042348,           0.0078713,           0.0078713,           0.0078713
                  99,            0.052434,             0.12563,           0.0022208,               0.862,             0.80306,             0.84474,             0.40859,            0.049286,              0.1139,           0.0051789,           0.0078311,           0.0078311,           0.0078311
                 100,            0.052482,             0.12749,           0.0018687,             0.82911,             0.75485,             0.79761,             0.37732,            0.051292,             0.11999,           0.0056819,           0.0077907,           0.0077907,           0.0077907
                 101,            0.054284,             0.12977,           0.0025015,             0.84821,             0.78815,             0.82248,             0.38935,            0.051379,             0.11598,           0.0040125,             0.00775,             0.00775,             0.00775
                 102,            0.053102,             0.13728,           0.0021835,             0.85795,             0.77187,             0.82123,             0.42189,            0.049106,             0.11358,           0.0038886,           0.0077091,           0.0077091,           0.0077091
                 103,            0.054345,             0.12657,           0.0024445,             0.86139,               0.804,             0.84556,             0.41602,            0.048244,             0.11464,           0.0039792,           0.0076679,           0.0076679,           0.0076679
                 104,            0.052377,             0.12818,           0.0021984,              0.8355,             0.78978,             0.83437,             0.41679,            0.048762,               0.113,           0.0045104,           0.0076265,           0.0076265,           0.0076265
                 105,            0.052591,             0.12659,            0.002374,             0.86906,             0.77747,             0.83461,             0.41153,            0.049785,              0.1126,           0.0040978,           0.0075848,           0.0075848,           0.0075848
                 106,            0.052494,             0.13059,           0.0017628,             0.86016,             0.77634,             0.82057,             0.40841,            0.049508,              0.1131,           0.0040522,            0.007543,            0.007543,            0.007543
                 107,              0.0543,             0.13025,           0.0020024,             0.86324,             0.77454,             0.81839,             0.40169,            0.049495,             0.11563,           0.0045503,           0.0075009,           0.0075009,           0.0075009
                 108,            0.051449,             0.12524,           0.0018926,             0.90472,             0.75107,             0.82681,              0.4154,            0.048541,             0.11297,           0.0043355,           0.0074585,           0.0074585,           0.0074585
                 109,             0.05206,             0.12556,           0.0019929,             0.85843,             0.78927,             0.83442,             0.42392,             0.04876,              0.1125,           0.0040292,            0.007416,            0.007416,            0.007416
                 110,            0.053086,             0.12395,           0.0022076,             0.83409,             0.75147,             0.79761,             0.38782,            0.051974,             0.12072,           0.0046058,           0.0073733,           0.0073733,           0.0073733
                 111,            0.054211,             0.12799,           0.0020012,             0.86204,             0.81172,             0.84946,             0.41857,            0.048961,             0.11734,           0.0042966,           0.0073303,           0.0073303,           0.0073303
                 112,             0.05253,             0.12534,            0.002242,             0.89922,             0.77431,             0.83915,              0.4289,            0.049196,             0.11356,           0.0043642,           0.0072872,           0.0072872,           0.0072872
                 113,            0.052666,             0.12616,           0.0017472,             0.85234,             0.78234,             0.83428,             0.41867,            0.048626,             0.11407,           0.0042958,           0.0072438,           0.0072438,           0.0072438
                 114,            0.051684,             0.11964,           0.0021343,             0.86221,             0.78914,              0.8242,             0.40728,            0.049123,             0.11126,           0.0040411,           0.0072003,           0.0072003,           0.0072003
                 115,            0.051177,             0.12416,           0.0021549,             0.87472,             0.78955,             0.84399,             0.42584,            0.048204,             0.11206,           0.0035746,           0.0071566,           0.0071566,           0.0071566
                 116,            0.051154,             0.12311,           0.0020211,             0.86694,             0.77888,             0.83869,             0.40819,             0.04945,             0.11282,           0.0045257,           0.0071127,           0.0071127,           0.0071127
                 117,            0.054139,             0.13226,           0.0019174,             0.86228,             0.78359,             0.83583,             0.42884,            0.047956,             0.11193,           0.0042626,           0.0070686,           0.0070686,           0.0070686
                 118,            0.052701,             0.12099,           0.0020778,             0.89837,             0.75688,             0.83611,             0.43133,            0.047826,             0.11274,           0.0042588,           0.0070243,           0.0070243,           0.0070243
                 119,            0.053329,               0.131,           0.0018315,             0.82071,             0.79094,              0.8167,             0.39536,            0.050338,             0.11335,           0.0049189,           0.0069799,           0.0069799,           0.0069799
                 120,            0.052569,             0.12483,           0.0021079,             0.87348,             0.79335,             0.84227,             0.41035,            0.048989,             0.11398,           0.0043336,           0.0069353,           0.0069353,           0.0069353
                 121,            0.051829,             0.12504,           0.0018527,             0.86272,             0.77531,             0.83386,             0.42961,            0.047584,             0.11138,           0.0043151,           0.0068906,           0.0068906,           0.0068906
                 122,             0.05173,             0.12594,           0.0022088,             0.88426,             0.76249,             0.83958,             0.42559,            0.048034,             0.11043,           0.0044619,           0.0068457,           0.0068457,           0.0068457
                 123,              0.0515,              0.1246,           0.0018135,             0.88182,             0.77638,             0.84319,             0.42785,            0.047689,             0.11255,           0.0038585,           0.0068006,           0.0068006,           0.0068006
                 124,            0.051598,             0.12341,           0.0019417,             0.86336,             0.78074,             0.83804,             0.40524,            0.048919,             0.11182,           0.0045936,           0.0067555,           0.0067555,           0.0067555
                 125,            0.051451,             0.12187,           0.0019724,             0.87539,             0.78112,             0.84127,             0.41304,            0.049057,             0.11301,           0.0046115,           0.0067101,           0.0067101,           0.0067101
                 126,            0.050606,              0.1196,           0.0019066,              0.8641,             0.78051,             0.83711,             0.43155,            0.048036,             0.11204,           0.0046526,           0.0066647,           0.0066647,           0.0066647
                 127,             0.05247,             0.13251,           0.0017187,             0.85064,             0.79976,             0.84444,             0.42855,            0.047842,              0.1127,           0.0046424,           0.0066191,           0.0066191,           0.0066191
                 128,            0.050917,             0.11563,           0.0019276,             0.92322,             0.76761,             0.84961,               0.418,            0.048375,             0.11219,           0.0050186,           0.0065734,           0.0065734,           0.0065734
                 129,            0.053092,             0.12887,            0.001839,             0.90719,             0.76129,              0.8438,             0.42186,            0.048584,              0.1137,           0.0048532,           0.0065276,           0.0065276,           0.0065276
                 130,            0.050377,             0.11974,           0.0017358,             0.89959,             0.75717,             0.81116,             0.40834,            0.049517,             0.11337,           0.0049186,           0.0064816,           0.0064816,           0.0064816
                 131,            0.051103,             0.12079,           0.0018035,             0.88794,              0.7798,             0.84178,             0.42872,             0.04883,             0.11202,           0.0050567,           0.0064356,           0.0064356,           0.0064356
                 132,            0.052673,             0.12372,           0.0019707,             0.89854,             0.78018,             0.83538,             0.41961,             0.04872,             0.11332,           0.0049596,           0.0063895,           0.0063895,           0.0063895
                 133,                0.05,             0.12228,           0.0018339,              0.8978,             0.75945,             0.84152,             0.42529,             0.04832,             0.11295,           0.0043762,           0.0063432,           0.0063432,           0.0063432
                 134,            0.050644,             0.11949,           0.0016773,              0.8771,             0.79119,             0.84433,             0.42308,            0.047798,              0.1114,           0.0049675,           0.0062969,           0.0062969,           0.0062969
                 135,            0.050616,             0.12181,           0.0017756,             0.90088,             0.76069,             0.83922,             0.42835,            0.047968,              0.1147,           0.0049404,           0.0062505,           0.0062505,           0.0062505
                 136,            0.052283,             0.12364,           0.0017912,             0.85145,              0.7734,             0.82317,             0.41563,            0.049032,             0.11167,           0.0046339,            0.006204,            0.006204,            0.006204
                 137,            0.049799,              0.1231,           0.0016038,             0.86235,               0.757,             0.81881,             0.42905,            0.048617,             0.11557,           0.0044757,           0.0061574,           0.0061574,           0.0061574
                 138,            0.050248,              0.1152,           0.0017579,             0.83896,             0.81688,             0.85028,             0.42444,            0.048736,             0.11435,           0.0043004,           0.0061107,           0.0061107,           0.0061107
                 139,              0.0494,             0.12274,           0.0016074,             0.87587,             0.76441,             0.83323,             0.42463,            0.047775,             0.11154,           0.0045116,            0.006064,            0.006064,            0.006064
                 140,            0.049345,             0.11973,           0.0018535,             0.85963,             0.78412,             0.83861,             0.41876,            0.047876,             0.11219,           0.0045056,           0.0060172,           0.0060172,           0.0060172
                 141,            0.050639,             0.12721,           0.0016313,              0.8961,             0.78168,             0.84875,             0.42602,            0.047691,             0.11051,           0.0046912,           0.0059704,           0.0059704,           0.0059704
                 142,             0.05121,              0.1284,           0.0016632,             0.86227,             0.80594,             0.85421,             0.42599,            0.047312,             0.11209,           0.0054297,           0.0059235,           0.0059235,           0.0059235
                 143,            0.050825,             0.11782,           0.0017511,             0.85011,               0.761,             0.81109,             0.41001,            0.049128,             0.11619,           0.0042778,           0.0058766,           0.0058766,           0.0058766
                 144,            0.049071,             0.11277,           0.0018724,             0.88159,             0.76189,             0.83643,             0.43108,            0.047838,             0.11544,           0.0042245,           0.0058296,           0.0058296,           0.0058296
                 145,            0.050401,             0.12543,             0.00149,             0.88723,             0.77449,             0.84332,             0.43856,            0.047602,             0.11454,           0.0039187,           0.0057826,           0.0057826,           0.0057826
                 146,            0.050834,             0.11583,           0.0019193,             0.87898,             0.79101,             0.84802,             0.43607,            0.047762,             0.11189,            0.003621,           0.0057355,           0.0057355,           0.0057355
                 147,            0.052996,             0.13363,           0.0014439,             0.87076,             0.78443,             0.84197,              0.4275,            0.047594,             0.11148,           0.0038606,           0.0056884,           0.0056884,           0.0056884
                 148,            0.049254,             0.11478,           0.0016998,             0.85387,             0.80048,             0.84097,             0.42228,            0.048247,             0.11267,           0.0039068,           0.0056413,           0.0056413,           0.0056413
                 149,            0.050165,             0.12097,           0.0013887,             0.88876,             0.79068,             0.85175,             0.43745,             0.04733,             0.11471,           0.0039074,           0.0055942,           0.0055942,           0.0055942
                 150,            0.050214,             0.11849,            0.001531,             0.88401,             0.79106,              0.8524,             0.43719,            0.047372,             0.11133,           0.0034752,           0.0055471,           0.0055471,           0.0055471
                 151,             0.05099,             0.11977,           0.0016773,             0.87335,             0.79776,             0.84984,             0.43208,            0.047893,             0.11288,           0.0035924,              0.0055,              0.0055,              0.0055
                 152,            0.050118,             0.12734,           0.0015607,             0.88792,              0.7805,             0.84794,             0.43712,            0.047721,             0.11173,           0.0042215,           0.0054529,           0.0054529,           0.0054529
                 153,             0.05003,              0.1183,           0.0014849,             0.89086,             0.79622,             0.84957,             0.44446,            0.047672,             0.11148,           0.0045705,           0.0054058,           0.0054058,           0.0054058
                 154,            0.049405,             0.12792,            0.001623,             0.88829,             0.81762,             0.86682,              0.4373,            0.047738,             0.11128,           0.0045308,           0.0053587,           0.0053587,           0.0053587
                 155,            0.051114,             0.12146,           0.0014319,             0.87541,             0.79175,              0.8443,             0.43228,            0.047562,             0.11355,           0.0041518,           0.0053116,           0.0053116,           0.0053116
                 156,            0.049737,             0.11749,           0.0014853,             0.92048,              0.7754,             0.84924,             0.42602,            0.047668,             0.11139,           0.0049063,           0.0052645,           0.0052645,           0.0052645
                 157,            0.050353,             0.12007,            0.001733,             0.89723,             0.77275,             0.83547,             0.41786,            0.048457,             0.11335,           0.0044545,           0.0052174,           0.0052174,           0.0052174
                 158,            0.050161,              0.1254,            0.001626,             0.88629,             0.80599,             0.84977,             0.42352,            0.047953,             0.11041,           0.0035254,           0.0051704,           0.0051704,           0.0051704
                 159,            0.050413,             0.12022,           0.0016068,             0.87888,             0.78071,              0.8439,             0.42352,            0.047818,             0.11339,           0.0042112,           0.0051234,           0.0051234,           0.0051234
                 160,            0.051233,             0.12568,           0.0016169,             0.86636,             0.78913,             0.82899,             0.42815,            0.048018,             0.11536,           0.0046262,           0.0050765,           0.0050765,           0.0050765
                 161,            0.050453,              0.1218,           0.0018607,             0.88707,             0.79414,             0.85472,             0.43794,            0.047349,             0.11362,           0.0036623,           0.0050296,           0.0050296,           0.0050296
                 162,            0.049443,             0.11896,           0.0016944,               0.902,             0.79807,             0.85615,             0.43818,            0.047543,             0.11198,           0.0042772,           0.0049828,           0.0049828,           0.0049828
                 163,            0.050493,             0.12057,           0.0013789,             0.89637,             0.80335,             0.85424,             0.43295,            0.047535,             0.11527,           0.0041211,            0.004936,            0.004936,            0.004936
                 164,            0.048946,             0.11631,            0.001449,             0.90332,             0.79623,              0.8485,              0.4355,            0.047444,             0.11146,           0.0040416,           0.0048893,           0.0048893,           0.0048893
                 165,            0.051371,             0.12127,           0.0017332,             0.86054,             0.81415,             0.85372,             0.43575,            0.047081,             0.11465,           0.0036554,           0.0048426,           0.0048426,           0.0048426
                 166,            0.049635,             0.12053,           0.0014516,             0.88737,             0.80342,             0.84659,             0.43725,            0.047092,             0.11522,           0.0047581,            0.004796,            0.004796,            0.004796
                 167,            0.049982,             0.12804,           0.0013603,             0.88495,             0.79153,             0.84789,             0.42129,            0.047078,             0.11363,           0.0036228,           0.0047495,           0.0047495,           0.0047495
                 168,              0.0497,             0.11548,            0.001512,             0.87513,             0.78712,             0.83347,             0.42281,            0.047932,             0.11428,           0.0049594,           0.0047031,           0.0047031,           0.0047031
                 169,            0.049875,             0.11748,           0.0015096,             0.87715,             0.78327,             0.84362,             0.43541,            0.047418,              0.1119,           0.0041143,           0.0046568,           0.0046568,           0.0046568
                 170,            0.048341,             0.11865,           0.0014238,             0.91982,             0.76903,             0.85013,             0.43701,            0.046975,             0.11417,           0.0040616,           0.0046105,           0.0046105,           0.0046105
                 171,            0.051479,             0.12867,           0.0014889,             0.89296,             0.78591,             0.84591,             0.43121,            0.047482,             0.11218,            0.004118,           0.0045644,           0.0045644,           0.0045644
                 172,            0.048852,             0.11586,           0.0013344,             0.90325,             0.78042,             0.85519,             0.43524,            0.047039,             0.11322,           0.0034431,           0.0045184,           0.0045184,           0.0045184
                 173,            0.047724,             0.11217,           0.0015773,             0.85518,             0.79426,             0.84368,              0.4277,            0.047436,             0.11169,           0.0036591,           0.0044724,           0.0044724,           0.0044724
                 174,            0.048708,             0.11185,           0.0016258,             0.90223,              0.7739,             0.85386,             0.43891,            0.047151,             0.11114,           0.0041309,           0.0044266,           0.0044266,           0.0044266
                 175,            0.049242,             0.12217,           0.0015607,             0.87954,             0.77524,             0.84371,             0.43033,            0.047365,             0.11315,           0.0042056,           0.0043809,           0.0043809,           0.0043809
                 176,            0.049896,              0.1174,           0.0014466,             0.92559,             0.79832,               0.861,             0.43634,            0.047286,             0.11199,           0.0046005,           0.0043353,           0.0043353,           0.0043353
                 177,            0.048996,             0.12037,           0.0014181,             0.89589,             0.77357,             0.83126,             0.42309,            0.048117,             0.11407,           0.0050266,           0.0042899,           0.0042899,           0.0042899
                 178,            0.049114,             0.11666,           0.0014337,             0.92269,             0.77718,             0.85107,             0.43624,            0.047275,             0.11313,           0.0040501,           0.0042445,           0.0042445,           0.0042445
                 179,            0.049011,             0.11435,           0.0014132,             0.88938,             0.78923,             0.84899,             0.43594,            0.047244,             0.11265,           0.0044516,           0.0041994,           0.0041994,           0.0041994
                 180,            0.049419,             0.12212,            0.001587,             0.89984,             0.77231,             0.83994,             0.43675,             0.04746,              0.1138,           0.0050357,           0.0041543,           0.0041543,           0.0041543
                 181,            0.050187,             0.12345,           0.0012649,             0.89381,             0.77319,             0.84346,             0.43963,             0.04741,             0.11603,           0.0050618,           0.0041094,           0.0041094,           0.0041094
                 182,            0.049829,             0.12078,           0.0013675,             0.86588,             0.81414,              0.8597,              0.4321,            0.047372,             0.11105,           0.0041056,           0.0040647,           0.0040647,           0.0040647
                 183,            0.050951,             0.12269,            0.001356,              0.9056,             0.78997,              0.8502,             0.43141,            0.046832,             0.11081,           0.0040956,           0.0040201,           0.0040201,           0.0040201
                 184,            0.050111,             0.11926,            0.001641,             0.89725,             0.78452,              0.8438,             0.42777,            0.047978,             0.11421,           0.0048245,           0.0039757,           0.0039757,           0.0039757
                 185,            0.049934,             0.11752,           0.0013291,             0.88912,             0.78282,             0.84703,             0.43574,            0.047532,             0.11413,           0.0033141,           0.0039314,           0.0039314,           0.0039314
                 186,            0.047538,             0.11405,           0.0014475,              0.8961,             0.77951,              0.8421,             0.43113,            0.047893,             0.11255,           0.0041843,           0.0038873,           0.0038873,           0.0038873
                 187,            0.048478,             0.12021,           0.0015672,             0.90515,             0.79909,             0.86317,              0.4503,            0.046697,             0.11123,           0.0038248,           0.0038434,           0.0038434,           0.0038434
                 188,            0.049898,             0.11911,           0.0013722,             0.89071,             0.80159,             0.86065,             0.43711,            0.046939,             0.11266,           0.0040711,           0.0037997,           0.0037997,           0.0037997
                 189,            0.047367,             0.11665,           0.0012709,             0.89002,              0.7768,             0.84649,             0.43047,            0.047346,             0.11378,           0.0044003,           0.0037562,           0.0037562,           0.0037562
                 190,            0.048895,             0.11448,           0.0014501,             0.91058,             0.76334,             0.83956,             0.43068,            0.047493,             0.11282,           0.0040537,           0.0037128,           0.0037128,           0.0037128
                 191,            0.047665,             0.11383,           0.0014724,             0.88831,             0.78755,              0.8495,             0.44172,            0.047312,             0.11314,           0.0042327,           0.0036697,           0.0036697,           0.0036697
                 192,            0.048025,             0.11372,           0.0015099,             0.87788,             0.76758,             0.83593,             0.43906,            0.047641,              0.1128,           0.0042121,           0.0036267,           0.0036267,           0.0036267
                 193,            0.047889,             0.11371,           0.0014889,             0.88522,             0.79228,             0.84718,             0.44202,            0.047739,             0.11267,           0.0040688,            0.003584,            0.003584,            0.003584
                 194,            0.048875,             0.11321,           0.0016147,              0.9125,             0.76925,             0.83971,             0.43809,            0.047376,             0.11353,           0.0040696,           0.0035415,           0.0035415,           0.0035415
                 195,            0.049229,             0.11936,            0.001504,             0.91442,             0.77743,             0.85303,             0.44482,            0.046735,             0.11256,           0.0038665,           0.0034991,           0.0034991,           0.0034991
                 196,            0.048393,             0.11518,           0.0013409,             0.91413,             0.78211,             0.86173,             0.45625,            0.046241,             0.11112,           0.0038553,            0.003457,            0.003457,            0.003457
                 197,            0.049896,             0.11494,           0.0013966,             0.87969,             0.81667,             0.86249,             0.43365,            0.047229,             0.11307,           0.0038405,           0.0034152,           0.0034152,           0.0034152
                 198,            0.048155,             0.11949,            0.001454,             0.89428,              0.7889,             0.84984,             0.43076,            0.047782,              0.1127,            0.004769,           0.0033735,           0.0033735,           0.0033735
                 199,            0.049098,             0.12104,            0.001341,             0.88798,             0.77959,             0.84451,             0.44621,            0.046543,             0.11224,           0.0036989,           0.0033321,           0.0033321,           0.0033321
                 200,            0.048374,             0.11065,           0.0014206,             0.92112,             0.76608,             0.83966,             0.44117,            0.046571,             0.11273,           0.0041577,           0.0032909,           0.0032909,           0.0032909
                 201,            0.047417,              0.1127,           0.0014751,             0.87718,             0.78218,             0.84357,             0.43836,            0.046844,             0.11126,           0.0039569,             0.00325,             0.00325,             0.00325
                 202,            0.048744,             0.12133,           0.0011389,             0.90724,              0.7729,             0.84132,             0.43655,            0.046596,             0.11352,           0.0044946,           0.0032093,           0.0032093,           0.0032093
                 203,            0.047345,             0.11455,           0.0011651,             0.89322,             0.78438,             0.84847,              0.4374,            0.047147,             0.11335,           0.0038186,           0.0031689,           0.0031689,           0.0031689
                 204,            0.048577,             0.12242,           0.0013165,             0.87542,             0.80646,             0.85321,             0.45221,            0.046894,             0.11118,           0.0036975,           0.0031287,           0.0031287,           0.0031287
                 205,            0.048639,             0.11746,           0.0013393,             0.87969,             0.79597,              0.8476,             0.44154,            0.047316,             0.11242,            0.003798,           0.0030888,           0.0030888,           0.0030888
                 206,            0.047826,             0.11514,           0.0014035,             0.87787,             0.80057,              0.8513,             0.44549,            0.046606,             0.11103,           0.0038638,           0.0030491,           0.0030491,           0.0030491
                 207,            0.048173,             0.11765,           0.0013468,             0.87525,             0.79986,             0.85033,             0.43764,            0.047221,             0.11194,           0.0046488,           0.0030097,           0.0030097,           0.0030097
                 208,            0.047313,             0.11011,           0.0013439,             0.83679,              0.8235,             0.85659,              0.4486,            0.046384,             0.11067,           0.0040742,           0.0029706,           0.0029706,           0.0029706
                 209,             0.04747,             0.11366,           0.0012007,             0.89561,             0.79367,             0.85265,             0.43898,             0.04747,             0.11296,           0.0039264,           0.0029318,           0.0029318,           0.0029318
                 210,            0.048156,             0.11297,            0.001338,             0.85911,             0.82503,             0.84496,             0.43227,            0.046973,             0.11248,           0.0038235,           0.0028932,           0.0028932,           0.0028932
                 211,            0.048419,             0.11407,            0.001355,             0.94168,             0.78131,              0.8605,             0.43749,            0.046353,             0.11136,           0.0040288,            0.002855,            0.002855,            0.002855
                 212,            0.048799,             0.11328,           0.0012869,             0.90186,              0.8115,             0.85632,             0.43596,            0.046678,             0.11241,           0.0042984,            0.002817,            0.002817,            0.002817
                 213,            0.047712,             0.11312,           0.0012944,             0.87113,             0.80527,             0.85483,             0.43531,            0.046631,             0.11248,            0.003752,           0.0027793,           0.0027793,           0.0027793
                 214,            0.048127,             0.11836,           0.0012411,             0.88829,             0.79137,             0.83997,             0.42592,            0.047168,             0.11249,           0.0041854,           0.0027419,           0.0027419,           0.0027419
                 215,            0.049742,             0.12082,           0.0012892,             0.86712,              0.8146,             0.85352,             0.43512,            0.046791,             0.11178,            0.003683,           0.0027048,           0.0027048,           0.0027048
                 216,            0.047749,             0.12183,           0.0014005,             0.92098,             0.77768,             0.85253,             0.45232,             0.04647,             0.11153,           0.0036766,           0.0026681,           0.0026681,           0.0026681
                 217,             0.04535,             0.10778,           0.0013114,             0.90679,             0.80192,             0.85671,             0.45014,            0.046905,             0.11373,           0.0038279,           0.0026316,           0.0026316,           0.0026316
                 218,            0.047728,             0.10877,           0.0013824,             0.88595,             0.78986,             0.84752,             0.43872,            0.047043,             0.11108,           0.0036634,           0.0025954,           0.0025954,           0.0025954
                 219,             0.04688,             0.10779,            0.001186,             0.92852,             0.77038,             0.84661,             0.43302,             0.04705,             0.11098,           0.0039697,           0.0025596,           0.0025596,           0.0025596
                 220,            0.048106,             0.11713,           0.0011624,             0.84465,             0.81071,             0.83791,             0.42811,            0.047045,              0.1119,           0.0045055,           0.0025241,           0.0025241,           0.0025241
                 221,            0.047521,             0.11486,           0.0011424,              0.8855,             0.79655,             0.84611,             0.44186,            0.046603,             0.11277,           0.0043819,           0.0024889,           0.0024889,           0.0024889
                 222,            0.046119,             0.10742,            0.001155,             0.87709,             0.80279,             0.84467,             0.44043,            0.046649,             0.11177,            0.004495,           0.0024541,           0.0024541,           0.0024541
                 223,            0.049106,             0.11618,           0.0012293,             0.87005,             0.79913,             0.84777,             0.44394,            0.046434,             0.11032,           0.0039302,           0.0024195,           0.0024195,           0.0024195
                 224,            0.048787,             0.11615,             0.00129,             0.89694,             0.78703,             0.84861,             0.43975,            0.046907,             0.11287,           0.0037727,           0.0023854,           0.0023854,           0.0023854
                 225,            0.046799,             0.11344,           0.0010112,             0.90242,             0.80325,             0.85984,             0.43957,            0.046807,             0.11224,           0.0035032,           0.0023515,           0.0023515,           0.0023515
                 226,            0.048361,             0.11413,           0.0011686,             0.89558,             0.80441,             0.84989,             0.44641,            0.046912,             0.11205,           0.0044336,            0.002318,            0.002318,            0.002318
                 227,            0.046425,             0.11113,           0.0011984,             0.88733,             0.80291,             0.85568,             0.44085,            0.047257,             0.10972,           0.0043068,           0.0022849,           0.0022849,           0.0022849
                 228,            0.046978,             0.11068,           0.0012089,             0.87889,             0.80617,             0.85569,             0.43812,            0.046321,             0.10989,           0.0043547,           0.0022521,           0.0022521,           0.0022521
                 229,            0.048278,             0.11596,           0.0011185,             0.90552,             0.79145,             0.84297,              0.4475,            0.046611,             0.11127,           0.0041118,           0.0022196,           0.0022196,           0.0022196
                 230,            0.047215,             0.11436,           0.0011604,             0.86142,             0.83129,             0.85802,             0.44423,             0.04682,             0.11166,           0.0042314,           0.0021876,           0.0021876,           0.0021876
                 231,            0.046861,             0.11045,           0.0012398,             0.89619,             0.78527,             0.85607,             0.44323,            0.046339,             0.11152,           0.0038289,           0.0021558,           0.0021558,           0.0021558
                 232,            0.048008,             0.11501,            0.001096,              0.8947,             0.80319,              0.8631,             0.44497,            0.046341,             0.10958,           0.0036139,           0.0021245,           0.0021245,           0.0021245
                 233,            0.047681,             0.11692,           0.0012051,             0.86589,             0.78865,             0.82595,             0.43242,            0.046893,             0.11267,           0.0043003,           0.0020935,           0.0020935,           0.0020935
                 234,            0.048436,             0.11229,           0.0011062,             0.87073,             0.80883,             0.85081,             0.44385,            0.046644,             0.11184,           0.0030261,           0.0020629,           0.0020629,           0.0020629
                 235,             0.04809,             0.11725,           0.0011828,             0.86293,             0.79196,              0.8369,             0.44021,            0.046713,             0.11384,           0.0034278,           0.0020327,           0.0020327,           0.0020327
                 236,            0.048329,             0.11594,            0.001208,             0.89106,             0.79828,             0.85253,             0.43971,            0.047133,             0.11209,           0.0036253,           0.0020028,           0.0020028,           0.0020028
                 237,            0.047564,             0.12034,           0.0011923,             0.88935,             0.80703,             0.85086,             0.44701,            0.046709,             0.11323,           0.0039851,           0.0019734,           0.0019734,           0.0019734
                 238,            0.046781,              0.1143,           0.0011635,             0.87756,             0.80106,             0.84874,              0.4463,            0.046448,             0.11131,           0.0037149,           0.0019443,           0.0019443,           0.0019443
                 239,            0.048092,             0.11385,           0.0013798,             0.91379,             0.79155,             0.85681,             0.44306,            0.046602,             0.11134,           0.0043212,           0.0019156,           0.0019156,           0.0019156
                 240,            0.047751,             0.11048,           0.0012222,             0.89008,             0.80043,             0.85822,             0.44048,            0.046425,             0.11191,            0.004334,           0.0018873,           0.0018873,           0.0018873
                 241,            0.048548,             0.11843,           0.0012032,             0.89281,             0.79241,             0.84738,             0.43511,            0.046791,              0.1123,           0.0036994,           0.0018594,           0.0018594,           0.0018594
                 242,            0.045364,               0.113,           0.0010781,             0.93549,             0.78757,             0.85912,             0.45162,            0.046512,             0.11164,           0.0042774,           0.0018319,           0.0018319,           0.0018319
                 243,            0.046232,             0.11263,          0.00093974,             0.88426,             0.78545,              0.8408,             0.44488,            0.046531,             0.11386,            0.003945,           0.0018048,           0.0018048,           0.0018048
                 244,            0.047669,             0.11659,          0.00087772,             0.90342,             0.78917,             0.84101,             0.44619,            0.046319,             0.11308,           0.0040818,           0.0017781,           0.0017781,           0.0017781
                 245,            0.046492,             0.10924,           0.0013293,             0.92372,             0.76782,             0.84436,             0.43877,            0.046533,             0.11229,           0.0039011,           0.0017519,           0.0017519,           0.0017519
                 246,            0.046717,             0.11308,           0.0010735,             0.90567,              0.7849,             0.85219,             0.44245,            0.046698,             0.11156,           0.0038809,            0.001726,            0.001726,            0.001726
                 247,            0.046485,             0.11345,           0.0010583,             0.89446,             0.79436,              0.8436,             0.44835,            0.046354,             0.11272,           0.0045849,           0.0017005,           0.0017005,           0.0017005
                 248,            0.048894,             0.11795,           0.0012996,             0.87991,             0.78919,             0.83131,             0.44091,             0.04682,             0.11325,           0.0045349,           0.0016755,           0.0016755,           0.0016755
                 249,            0.047161,             0.10619,           0.0011289,             0.87401,             0.80292,              0.8434,             0.44697,            0.046302,              0.1105,           0.0039717,           0.0016509,           0.0016509,           0.0016509
                 250,            0.047551,             0.11773,           0.0011707,             0.90742,             0.79752,             0.85277,             0.43481,            0.046519,              0.1111,           0.0040222,           0.0016267,           0.0016267,           0.0016267
                 251,            0.047735,             0.11416,          0.00099189,             0.91743,             0.80979,             0.86337,             0.43917,            0.046756,             0.11211,            0.004613,           0.0016029,           0.0016029,           0.0016029
                 252,            0.047612,             0.11448,           0.0011707,             0.89256,             0.80181,             0.84919,             0.43909,            0.047023,             0.11096,           0.0036657,           0.0015795,           0.0015795,           0.0015795
                 253,            0.048867,             0.12126,            0.001049,             0.90629,             0.79256,             0.85639,             0.44257,            0.046738,             0.11304,           0.0037823,           0.0015566,           0.0015566,           0.0015566
                 254,            0.045608,             0.11031,           0.0010731,             0.89698,             0.79949,             0.85006,             0.45117,            0.046214,             0.11123,           0.0044017,           0.0015341,           0.0015341,           0.0015341
                 255,            0.045367,             0.10923,           0.0011682,             0.92198,              0.7732,             0.84264,             0.44247,            0.046561,             0.11205,           0.0037566,           0.0015121,           0.0015121,           0.0015121
                 256,            0.046178,             0.11006,           0.0009968,             0.88489,             0.80794,             0.85774,             0.45302,            0.046883,             0.11191,           0.0041023,           0.0014905,           0.0014905,           0.0014905
                 257,            0.044968,             0.10877,           0.0011099,             0.89082,             0.80983,             0.86103,             0.44253,            0.046554,             0.11214,            0.003368,           0.0014693,           0.0014693,           0.0014693
                 258,            0.046923,             0.11364,           0.0011233,             0.88083,             0.81092,             0.85088,             0.44488,            0.046419,             0.11208,           0.0036383,           0.0014486,           0.0014486,           0.0014486
                 259,            0.048378,             0.11649,           0.0013148,             0.87788,             0.81178,             0.85711,             0.45437,            0.046309,             0.10987,           0.0038163,           0.0014283,           0.0014283,           0.0014283
                 260,            0.046814,              0.1116,           0.0010177,             0.91401,             0.78059,             0.84043,             0.43654,             0.04615,              0.1124,           0.0039011,           0.0014084,           0.0014084,           0.0014084
                 261,            0.047435,             0.11018,           0.0012025,             0.90338,             0.80943,               0.857,             0.44677,            0.046526,             0.11085,           0.0040404,            0.001389,            0.001389,            0.001389
                 262,            0.047518,             0.11523,           0.0010937,             0.86972,             0.81969,             0.85485,             0.44763,            0.046233,             0.11043,           0.0034741,           0.0013701,           0.0013701,           0.0013701
                 263,            0.046194,             0.11309,          0.00099164,              0.9128,              0.7882,             0.84985,             0.44049,            0.046594,             0.11278,           0.0038318,           0.0013516,           0.0013516,           0.0013516
                 264,            0.047102,             0.11306,           0.0010915,             0.88752,             0.79448,             0.85434,              0.4532,            0.045623,             0.11246,           0.0041267,           0.0013336,           0.0013336,           0.0013336
                 265,            0.046806,             0.11163,           0.0011137,             0.88094,             0.82024,             0.86229,             0.44926,            0.045948,             0.11083,           0.0039937,            0.001316,            0.001316,            0.001316
                 266,            0.046026,             0.11366,           0.0010684,             0.91862,              0.7717,             0.84725,              0.4495,            0.046296,             0.11181,           0.0041648,           0.0012989,           0.0012989,           0.0012989
                 267,            0.048508,             0.11783,           0.0010216,             0.92177,             0.79075,             0.86225,             0.45138,            0.046088,             0.11092,           0.0040612,           0.0012822,           0.0012822,           0.0012822
                 268,            0.046582,              0.1117,           0.0013492,             0.89818,              0.8139,             0.85984,             0.44266,            0.046539,             0.11005,           0.0038117,            0.001266,            0.001266,            0.001266
                 269,            0.047016,             0.11328,           0.0010243,              0.9144,             0.79529,             0.85314,              0.4487,            0.046445,             0.11109,           0.0045784,           0.0012503,           0.0012503,           0.0012503
                 270,            0.048188,             0.11626,           0.0010261,             0.88206,             0.82011,             0.85423,              0.4467,            0.046141,             0.11216,           0.0041764,            0.001235,            0.001235,            0.001235
                 271,            0.046235,             0.11289,          0.00098726,             0.86888,             0.81123,             0.85019,             0.44186,            0.046296,             0.11168,           0.0039362,           0.0012202,           0.0012202,           0.0012202
                 272,            0.046975,             0.10981,           0.0013282,              0.8886,             0.80525,             0.84455,             0.44631,            0.046339,             0.11392,           0.0045124,           0.0012059,           0.0012059,           0.0012059
                 273,             0.04671,             0.11434,            0.001033,              0.9093,             0.80712,             0.86117,             0.45969,            0.045931,             0.11103,            0.004596,           0.0011921,           0.0011921,           0.0011921
                 274,            0.047741,             0.11813,          0.00082988,             0.87016,              0.8088,             0.85826,             0.44422,            0.046204,             0.11201,           0.0043483,           0.0011787,           0.0011787,           0.0011787
                 275,            0.047611,             0.11353,           0.0010878,             0.88899,             0.82451,             0.85044,             0.44951,            0.046222,             0.10941,           0.0043552,           0.0011658,           0.0011658,           0.0011658
                 276,            0.047933,             0.11831,          0.00092076,              0.8759,             0.82284,             0.85465,             0.44851,            0.046057,             0.11121,           0.0043671,           0.0011533,           0.0011533,           0.0011533
                 277,            0.047348,             0.11908,          0.00098108,             0.89503,             0.80252,             0.85361,             0.44832,            0.045971,             0.11232,           0.0038477,           0.0011414,           0.0011414,           0.0011414
                 278,            0.046137,             0.11528,           0.0010753,             0.90248,             0.79099,             0.84337,             0.44307,            0.046023,             0.11419,           0.0039469,           0.0011299,           0.0011299,           0.0011299
                 279,            0.047261,             0.11543,           0.0010392,             0.89457,             0.80477,             0.84878,             0.44726,            0.046129,             0.11251,           0.0046699,           0.0011189,           0.0011189,           0.0011189
                 280,             0.04535,             0.11206,            0.001293,             0.91331,             0.79476,             0.84998,             0.44211,             0.04611,             0.10905,           0.0037444,           0.0011084,           0.0011084,           0.0011084
                 281,            0.046439,             0.10915,          0.00094573,             0.88951,             0.81755,             0.85897,               0.453,            0.046205,             0.11129,           0.0041371,           0.0010983,           0.0010983,           0.0010983
                 282,            0.045859,             0.10866,          0.00089725,             0.89356,             0.79672,             0.84827,             0.44615,            0.046636,             0.11249,           0.0042307,           0.0010888,           0.0010888,           0.0010888
                 283,            0.045866,             0.11036,           0.0013379,             0.92319,             0.79109,             0.85176,             0.44767,            0.046255,             0.11108,            0.004537,           0.0010797,           0.0010797,           0.0010797
                 284,            0.046449,             0.10688,            0.001257,             0.91397,             0.80894,             0.86267,             0.45139,            0.046105,             0.11129,           0.0041599,           0.0010711,           0.0010711,           0.0010711
                 285,             0.04598,              0.1141,           0.0012646,              0.9032,             0.80144,             0.85075,             0.45246,            0.045851,             0.11148,           0.0042576,            0.001063,            0.001063,            0.001063
                 286,            0.047098,             0.12195,           0.0011402,             0.90345,             0.78741,             0.84396,              0.4442,            0.046326,             0.11287,           0.0038106,           0.0010554,           0.0010554,           0.0010554
                 287,            0.046531,             0.11373,           0.0012765,             0.91043,             0.79443,             0.85651,             0.44252,            0.046225,             0.10983,           0.0031015,           0.0010483,           0.0010483,           0.0010483
                 288,            0.045289,             0.10565,          0.00096479,             0.90569,             0.78849,              0.8454,             0.44699,            0.046398,             0.11203,           0.0047051,           0.0010416,           0.0010416,           0.0010416
                 289,            0.046031,             0.11275,           0.0010521,             0.91019,             0.80565,             0.86038,             0.44928,             0.04627,             0.11195,            0.003952,           0.0010355,           0.0010355,           0.0010355
                 290,            0.047646,               0.115,           0.0011122,             0.91002,             0.80912,             0.85545,             0.45075,            0.045679,             0.11161,           0.0049814,           0.0010298,           0.0010298,           0.0010298
                 291,            0.045659,             0.10983,           0.0011116,             0.88334,             0.80537,             0.85718,             0.44982,            0.046192,             0.11164,           0.0039151,           0.0010247,           0.0010247,           0.0010247
                 292,            0.047905,             0.11372,          0.00099489,             0.85806,             0.82245,             0.85176,             0.44199,            0.046221,             0.11054,           0.0040099,             0.00102,             0.00102,             0.00102
                 293,            0.047789,             0.11555,          0.00099633,              0.8975,             0.78655,             0.84061,             0.44876,            0.046005,             0.11177,           0.0038456,           0.0010158,           0.0010158,           0.0010158
                 294,            0.045837,             0.11014,          0.00089614,             0.90222,             0.80448,             0.85799,             0.45596,            0.046121,             0.11095,           0.0045173,           0.0010121,           0.0010121,           0.0010121
                 295,            0.046391,             0.11309,            0.001183,             0.88473,             0.80682,             0.84713,             0.44773,            0.046371,             0.11063,           0.0042982,           0.0010089,           0.0010089,           0.0010089
                 296,            0.046091,             0.11219,          0.00098608,             0.88728,             0.81129,             0.84831,             0.44559,            0.046376,             0.11095,           0.0043924,           0.0010062,           0.0010062,           0.0010062
                 297,            0.046365,              0.1133,           0.0010515,             0.93467,             0.76527,             0.84289,             0.44668,            0.046275,             0.11077,           0.0043118,           0.0010039,           0.0010039,           0.0010039
                 298,            0.047389,             0.11161,           0.0011582,             0.90071,             0.79634,             0.84158,             0.45139,            0.046322,             0.11114,           0.0039612,           0.0010022,           0.0010022,           0.0010022
                 299,            0.048802,             0.11976,          0.00091632,              0.8887,             0.79576,             0.85494,              0.4481,            0.046211,             0.11145,            0.004581,            0.001001,            0.001001,            0.001001
